feature,importance
rollmean_7,0.4296622965614774
lag_1,0.15318295590448883
lag_7,0.10686044193283999
rollstd_28,0.09245574000051428
rollmean_28,0.08142519702666405
weekofyear,0.06120118153032976
dow,0.0550705719691467
month,0.019836757657546087
is_month_end,0.00030485741699289227
