{
  "train": {
    "mae": 260.1927602528364,
    "rmse": 438.25213838191894,
    "r2": 0.5385173221603763,
    "mape": 414.0926045249781
  },
  "test": {
    "mae": 483.44869880346306,
    "rmse": 745.9435782873423,
    "r2": 0.1432001559147471,
    "mape": 1252.1853176399445
  }
}
